{"cameraMode":{"drawMode":0,"name":"Shaded","section":"Shading Mode"},"sceneLighting":true,"audioPlay":false,"sceneViewState":{"m_AlwaysRefresh":false,"showFog":true,"showSkybox":true,"showFlares":true,"showImageEffects":true,"showParticleSystems":true,"showVisualEffectGraphs":true,"m_FxEnabled":true},"in2DMode":false,"pivot":{"x":-15.701066970825196,"y":1.1417999267578126,"z":17.337100982666017},"rotation":{"x":0.25948566198349,"y":-0.008691586554050446,"z":0.0023354021832346918,"w":0.9657061696052551},"size":55.68511199951172,"orthographic":true}