{"cameraMode":{"drawMode":0,"name":"Shaded","section":"Shading Mode"},"sceneLighting":true,"audioPlay":false,"sceneViewState":{"m_AlwaysRefresh":false,"showFog":true,"showSkybox":true,"showFlares":true,"showImageEffects":true,"showParticleSystems":true,"showVisualEffectGraphs":true,"m_FxEnabled":true},"in2DMode":false,"pivot":{"x":-15.701066970825196,"y":1.1417999267578126,"z":17.337100982666017},"rotation":{"x":0.14047662913799287,"y":-0.028213748708367349,"z":0.004003476817160845,"w":0.9896764159202576},"size":25.182897567749025,"orthographic":true}